title,func,topic,url,package
Add intercept (or constant) column,step_intercept,<a href='https://recipes.tidymodels.org/reference/step_intercept.html' target='_blank'><tt>step_intercept</tt></a>,https://recipes.tidymodels.org/reference/step_intercept.html,recipes
Add manydist dissimilarities to a recipe,step_mdist,<a href='https://alfonsoiodicede.github.io/manydist_package/reference/step_mdist.html' target='_blank'><tt>step_mdist</tt></a>,https://alfonsoiodicede.github.io/manydist_package/reference/step_mdist.html,manydist
Add new variables using dplyr,step_mutate,<a href='https://recipes.tidymodels.org/reference/step_mutate.html' target='_blank'><tt>step_mutate</tt></a>,https://recipes.tidymodels.org/reference/step_mutate.html,recipes
Add sin and cos terms for harmonic analysis,step_harmonic,<a href='https://recipes.tidymodels.org/reference/step_harmonic.html' target='_blank'><tt>step_harmonic</tt></a>,https://recipes.tidymodels.org/reference/step_harmonic.html,recipes
Algebraic Functions Vectorization of Persistent Homology,step_vpd_algebraic_functions,<a href='https://github.com/tdaverse/tdarec' target='_blank'><tt>step_vpd_algebraic_functions</tt></a>,https://github.com/tdaverse/tdarec,tdarec
Apply Adaptive Synthetic Algorithm,step_adasyn,<a href='https://themis.tidymodels.org/reference/step_adasyn.html' target='_blank'><tt>step_adasyn</tt></a>,https://themis.tidymodels.org/reference/step_adasyn.html,themis
Apply Borderline-SMOTE Algorithm,step_bsmote,<a href='https://themis.tidymodels.org/reference/step_bsmote.html' target='_blank'><tt>step_bsmote</tt></a>,https://themis.tidymodels.org/reference/step_bsmote.html,themis
Apply KMeans-SMOTE Algorithm,step_kmeans_smote,<a href='https://themis.tidymodels.org/reference/step_kmeans_smote.html' target='_blank'><tt>step_kmeans_smote</tt></a>,https://themis.tidymodels.org/reference/step_kmeans_smote.html,themis
Apply ROSE Algorithm,step_rose,<a href='https://themis.tidymodels.org/reference/step_rose.html' target='_blank'><tt>step_rose</tt></a>,https://themis.tidymodels.org/reference/step_rose.html,themis
Apply SMOGN Algorithm,step_smogn,<a href='https://themis.tidymodels.org/reference/step_smogn.html' target='_blank'><tt>step_smogn</tt></a>,https://themis.tidymodels.org/reference/step_smogn.html,themis
Apply (smoothed) rectified linear transformation,step_relu,<a href='https://recipes.tidymodels.org/reference/step_relu.html' target='_blank'><tt>step_relu</tt></a>,https://recipes.tidymodels.org/reference/step_relu.html,recipes
Apply SMOTE Algorithm,step_smote,<a href='https://themis.tidymodels.org/reference/step_smote.html' target='_blank'><tt>step_smote</tt></a>,https://themis.tidymodels.org/reference/step_smote.html,themis
Apply SMOTEN Algorithm,step_smoten,<a href='https://themis.tidymodels.org/reference/step_smoten.html' target='_blank'><tt>step_smoten</tt></a>,https://themis.tidymodels.org/reference/step_smoten.html,themis
Apply SMOTENC Algorithm,step_smotenc,<a href='https://themis.tidymodels.org/reference/step_smotenc.html' target='_blank'><tt>step_smotenc</tt></a>,https://themis.tidymodels.org/reference/step_smotenc.html,themis
Apply SVM-SMOTE Algorithm,step_svmsmote,<a href='https://themis.tidymodels.org/reference/step_svmsmote.html' target='_blank'><tt>step_svmsmote</tt></a>,https://themis.tidymodels.org/reference/step_svmsmote.html,themis
"Assign missing categories to ""unknown""",step_unknown,<a href='https://recipes.tidymodels.org/reference/step_unknown.html' target='_blank'><tt>step_unknown</tt></a>,https://recipes.tidymodels.org/reference/step_unknown.html,recipes
Basis splines,step_spline_b,<a href='https://recipes.tidymodels.org/reference/step_spline_b.html' target='_blank'><tt>step_spline_b</tt></a>,https://recipes.tidymodels.org/reference/step_spline_b.html,recipes
Betti Curve Vectorization of Persistent Homology,step_vpd_betti_curve,<a href='https://github.com/tdaverse/tdarec' target='_blank'><tt>step_vpd_betti_curve</tt></a>,https://github.com/tdaverse/tdarec,tdarec
Blur raster data,step_blur,<a href='https://github.com/tdaverse/tdarec' target='_blank'><tt>step_blur</tt></a>,https://github.com/tdaverse/tdarec,tdarec
Box-Cox transformation for non-negative data,step_BoxCox,<a href='https://recipes.tidymodels.org/reference/step_BoxCox.html' target='_blank'><tt>step_BoxCox</tt></a>,https://recipes.tidymodels.org/reference/step_BoxCox.html,recipes
Box-Cox Transformation using Forecast Methods,step_box_cox,<a href='https://business-science.github.io/timetk/reference/step_box_cox.html' target='_blank'><tt>step_box_cox</tt></a>,https://business-science.github.io/timetk/reference/step_box_cox.html,timetk
BPE Tokenization of Character Variables,step_tokenize_bpe,<a href='https://textrecipes.tidymodels.org/reference/step_tokenize_bpe.html' target='_blank'><tt>step_tokenize_bpe</tt></a>,https://textrecipes.tidymodels.org/reference/step_tokenize_bpe.html,textrecipes
B-spline basis functions,step_bs,<a href='https://recipes.tidymodels.org/reference/step_bs.html' target='_blank'><tt>step_bs</tt></a>,https://recipes.tidymodels.org/reference/step_bs.html,recipes
Build a Sliding Window of Predictors for Sequence Models,step_sequence,<a href='https://davidrsch.github.io/kerasnip/reference/step_sequence.html' target='_blank'><tt>step_sequence</tt></a>,https://davidrsch.github.io/kerasnip/reference/step_sequence.html,kerasnip
Calculate LDA Dimension Estimates of Tokens,step_lda,<a href='https://textrecipes.tidymodels.org/reference/step_lda.html' target='_blank'><tt>step_lda</tt></a>,https://textrecipes.tidymodels.org/reference/step_lda.html,textrecipes
Calculate Set of Text Features,step_textfeature,<a href='https://textrecipes.tidymodels.org/reference/step_textfeature.html' target='_blank'><tt>step_textfeature</tt></a>,https://textrecipes.tidymodels.org/reference/step_textfeature.html,textrecipes
Center and scale numeric data,step_normalize,<a href='https://recipes.tidymodels.org/reference/step_normalize.html' target='_blank'><tt>step_normalize</tt></a>,https://recipes.tidymodels.org/reference/step_normalize.html,recipes
Centering numeric data,step_center,<a href='https://recipes.tidymodels.org/reference/step_center.html' target='_blank'><tt>step_center</tt></a>,https://recipes.tidymodels.org/reference/step_center.html,recipes
Centering numeric data to a value besides their mean,step_center_to,<a href='https://petersonr.github.io/sparseR/reference/step_center_to.html' target='_blank'><tt>step_center_to</tt></a>,https://petersonr.github.io/sparseR/reference/step_center_to.html,sparseR
Clean Categorical Levels,step_clean_levels,<a href='https://textrecipes.tidymodels.org/reference/step_clean_levels.html' target='_blank'><tt>step_clean_levels</tt></a>,https://textrecipes.tidymodels.org/reference/step_clean_levels.html,textrecipes
Clean Outliers and Missing Data for Time Series,step_ts_clean,<a href='https://business-science.github.io/timetk/reference/step_ts_clean.html' target='_blank'><tt>step_ts_clean</tt></a>,https://business-science.github.io/timetk/reference/step_ts_clean.html,timetk
Clean Variable Names,step_clean_names,<a href='https://textrecipes.tidymodels.org/reference/step_clean_names.html' target='_blank'><tt>step_clean_names</tt></a>,https://textrecipes.tidymodels.org/reference/step_clean_names.html,textrecipes
collapse factor levels using stringdist,step_collapse_stringdist,<a href='https://embed.tidymodels.org/reference/step_collapse_stringdist.html' target='_blank'><tt>step_collapse_stringdist</tt></a>,https://embed.tidymodels.org/reference/step_collapse_stringdist.html,embed
Collapse infrequent categorical levels,step_other,<a href='https://recipes.tidymodels.org/reference/step_other.html' target='_blank'><tt>step_other</tt></a>,https://recipes.tidymodels.org/reference/step_other.html,recipes
Collapse Predictors into a single list-column,step_collapse,<a href='https://davidrsch.github.io/kerasnip/reference/step_collapse.html' target='_blank'><tt>step_collapse</tt></a>,https://davidrsch.github.io/kerasnip/reference/step_collapse.html,kerasnip
Combine Multiple Token Variables Into One,step_tokenmerge,<a href='https://textrecipes.tidymodels.org/reference/step_tokenmerge.html' target='_blank'><tt>step_tokenmerge</tt></a>,https://textrecipes.tidymodels.org/reference/step_tokenmerge.html,textrecipes
Complex Polynomial Vectorization of Persistent Homology,step_vpd_complex_polynomial,<a href='https://github.com/tdaverse/tdarec' target='_blank'><tt>step_vpd_complex_polynomial</tt></a>,https://github.com/tdaverse/tdarec,tdarec
Compute shrunken centroid distances for classification models,step_classdist_shrunken,<a href='https://recipes.tidymodels.org/reference/step_classdist_shrunken.html' target='_blank'><tt>step_classdist_shrunken</tt></a>,https://recipes.tidymodels.org/reference/step_classdist_shrunken.html,recipes
Condensed Nearest Neighbors,step_cnn,<a href='https://themis.tidymodels.org/reference/step_cnn.html' target='_blank'><tt>step_cnn</tt></a>,https://themis.tidymodels.org/reference/step_cnn.html,themis
Convert factors to strings,step_factor2string,<a href='https://recipes.tidymodels.org/reference/step_factor2string.html' target='_blank'><tt>step_factor2string</tt></a>,https://recipes.tidymodels.org/reference/step_factor2string.html,recipes
Convert numbers to factors,step_num2factor,<a href='https://recipes.tidymodels.org/reference/step_num2factor.html' target='_blank'><tt>step_num2factor</tt></a>,https://recipes.tidymodels.org/reference/step_num2factor.html,recipes
Convert ordered factors to unordered factors,step_unorder,<a href='https://recipes.tidymodels.org/reference/step_unorder.html' target='_blank'><tt>step_unorder</tt></a>,https://recipes.tidymodels.org/reference/step_unorder.html,recipes
Convert ordinal factors to numeric scores,step_ordinalscore,<a href='https://recipes.tidymodels.org/reference/step_ordinalscore.html' target='_blank'><tt>step_ordinalscore</tt></a>,https://recipes.tidymodels.org/reference/step_ordinalscore.html,recipes
Convert strings to factors,step_string2factor,<a href='https://recipes.tidymodels.org/reference/step_string2factor.html' target='_blank'><tt>step_string2factor</tt></a>,https://recipes.tidymodels.org/reference/step_string2factor.html,recipes
Convert values to predefined integers,step_integer,<a href='https://recipes.tidymodels.org/reference/step_integer.html' target='_blank'><tt>step_integer</tt></a>,https://recipes.tidymodels.org/reference/step_integer.html,recipes
Convex splines,step_spline_convex,<a href='https://recipes.tidymodels.org/reference/step_spline_convex.html' target='_blank'><tt>step_spline_convex</tt></a>,https://recipes.tidymodels.org/reference/step_spline_convex.html,recipes
Create a differenced predictor,step_diff,<a href='https://business-science.github.io/timetk/reference/step_diff.html' target='_blank'><tt>step_diff</tt></a>,https://business-science.github.io/timetk/reference/step_diff.html,timetk
Create a factors from A dummy variable,step_bin2factor,<a href='https://recipes.tidymodels.org/reference/step_bin2factor.html' target='_blank'><tt>step_bin2factor</tt></a>,https://recipes.tidymodels.org/reference/step_bin2factor.html,recipes
Create a lagged predictor,step_lag,<a href='https://recipes.tidymodels.org/reference/step_lag.html' target='_blank'><tt>step_lag</tt></a>,https://recipes.tidymodels.org/reference/step_lag.html,recipes
Create a Lead Predictor,step_lead,<a href='https://davidrsch.github.io/kerasnip/reference/step_lead.html' target='_blank'><tt>step_lead</tt></a>,https://davidrsch.github.io/kerasnip/reference/step_lead.html,kerasnip
Create a profiling version of a data set,step_profile,<a href='https://recipes.tidymodels.org/reference/step_profile.html' target='_blank'><tt>step_profile</tt></a>,https://recipes.tidymodels.org/reference/step_profile.html,recipes
Create counts of patterns using regular expressions,step_count,<a href='https://recipes.tidymodels.org/reference/step_count.html' target='_blank'><tt>step_count</tt></a>,https://recipes.tidymodels.org/reference/step_count.html,recipes
Create exposure records in a recipes step,step_expose,<a href='https://mattheaphy.github.io/actxps/reference/step_expose.html' target='_blank'><tt>step_expose</tt></a>,https://mattheaphy.github.io/actxps/reference/step_expose.html,actxps
Create interaction variables,step_interact,<a href='https://recipes.tidymodels.org/reference/step_interact.html' target='_blank'><tt>step_interact</tt></a>,https://recipes.tidymodels.org/reference/step_interact.html,recipes
Create missing data column indicators,step_indicate_na,<a href='https://recipes.tidymodels.org/reference/step_indicate_na.html' target='_blank'><tt>step_indicate_na</tt></a>,https://recipes.tidymodels.org/reference/step_indicate_na.html,recipes
Create traditional dummy variables,step_dummy,<a href='https://recipes.tidymodels.org/reference/step_dummy.html' target='_blank'><tt>step_dummy</tt></a>,https://recipes.tidymodels.org/reference/step_dummy.html,recipes
Cut a numeric variable into a factor,step_cut,<a href='https://recipes.tidymodels.org/reference/step_cut.html' target='_blank'><tt>step_cut</tt></a>,https://recipes.tidymodels.org/reference/step_cut.html,recipes
Data depths,step_depth,<a href='https://recipes.tidymodels.org/reference/step_depth.html' target='_blank'><tt>step_depth</tt></a>,https://recipes.tidymodels.org/reference/step_depth.html,recipes
Date feature generator,step_date,<a href='https://recipes.tidymodels.org/reference/step_date.html' target='_blank'><tt>step_date</tt></a>,https://recipes.tidymodels.org/reference/step_date.html,recipes
Descriptive Statistics Vectorization of Persistent Homology,step_vpd_descriptive_statistics,<a href='https://github.com/tdaverse/tdarec' target='_blank'><tt>step_vpd_descriptive_statistics</tt></a>,https://github.com/tdaverse/tdarec,tdarec
Detect a regular expression,step_regex,<a href='https://recipes.tidymodels.org/reference/step_regex.html' target='_blank'><tt>step_regex</tt></a>,https://recipes.tidymodels.org/reference/step_regex.html,recipes
difftimearithmic Transformation,step_difftime,<a href='https://emilhvitfeldt.github.io/extrasteps/reference/step_difftime.html' target='_blank'><tt>step_difftime</tt></a>,https://emilhvitfeldt.github.io/extrasteps/reference/step_difftime.html,extrasteps
Discretize Numeric Variables,step_discretize,<a href='https://recipes.tidymodels.org/reference/step_discretize.html' target='_blank'><tt>step_discretize</tt></a>,https://recipes.tidymodels.org/reference/step_discretize.html,recipes
Discretize numeric variables with CART,step_discretize_cart,<a href='https://embed.tidymodels.org/reference/step_discretize_cart.html' target='_blank'><tt>step_discretize_cart</tt></a>,https://embed.tidymodels.org/reference/step_discretize_cart.html,embed
Discretize numeric variables with XgBoost,step_discretize_xgb,<a href='https://embed.tidymodels.org/reference/step_discretize_xgb.html' target='_blank'><tt>step_discretize_xgb</tt></a>,https://embed.tidymodels.org/reference/step_discretize_xgb.html,embed
Distance between two locations,step_geodist,<a href='https://recipes.tidymodels.org/reference/step_geodist.html' target='_blank'><tt>step_geodist</tt></a>,https://recipes.tidymodels.org/reference/step_geodist.html,recipes
Distances to class centroids,step_classdist,<a href='https://recipes.tidymodels.org/reference/step_classdist.html' target='_blank'><tt>step_classdist</tt></a>,https://recipes.tidymodels.org/reference/step_classdist.html,recipes
Down-Sample a Data Set Based on a Factor Variable,step_downsample,<a href='https://themis.tidymodels.org/reference/step_downsample.html' target='_blank'><tt>step_downsample</tt></a>,https://themis.tidymodels.org/reference/step_downsample.html,themis
Edited Nearest Neighbors,step_enn,<a href='https://themis.tidymodels.org/reference/step_enn.html' target='_blank'><tt>step_enn</tt></a>,https://themis.tidymodels.org/reference/step_enn.html,themis
Encoding Factors into Multiple Columns,step_embed,<a href='https://embed.tidymodels.org/reference/step_embed.html' target='_blank'><tt>step_embed</tt></a>,https://embed.tidymodels.org/reference/step_embed.html,embed
Euler Characteristic Curve Vectorization of Persistent Homology,step_vpd_euler_characteristic_curve,<a href='https://github.com/tdaverse/tdarec' target='_blank'><tt>step_vpd_euler_characteristic_curve</tt></a>,https://github.com/tdaverse/tdarec,tdarec
Extract patterns from nominal data,step_dummy_extract,<a href='https://recipes.tidymodels.org/reference/step_dummy_extract.html' target='_blank'><tt>step_dummy_extract</tt></a>,https://recipes.tidymodels.org/reference/step_dummy_extract.html,recipes
Feature aggregation step based on a defined list,step_aggregate_list,<a href='https://github.com/abichat/scimo' target='_blank'><tt>step_aggregate_list</tt></a>,https://github.com/abichat/scimo,scimo
Feature aggregation step based on a hierarchical clustering,step_aggregate_hclust,<a href='https://github.com/abichat/scimo' target='_blank'><tt>step_aggregate_hclust</tt></a>,https://github.com/abichat/scimo,scimo
Feature Hashing of Tokens,step_texthash,<a href='https://textrecipes.tidymodels.org/reference/step_texthash.html' target='_blank'><tt>step_texthash</tt></a>,https://textrecipes.tidymodels.org/reference/step_texthash.html,textrecipes
Feature normalization step using total sum scaling,step_rownormalize_tss,<a href='https://github.com/abichat/scimo' target='_blank'><tt>step_rownormalize_tss</tt></a>,https://github.com/abichat/scimo,scimo
Feature selection step using background level,step_select_background,<a href='https://github.com/abichat/scimo' target='_blank'><tt>step_select_background</tt></a>,https://github.com/abichat/scimo,scimo
Feature selection step using Kruskal test,step_select_kruskal,<a href='https://github.com/abichat/scimo' target='_blank'><tt>step_select_kruskal</tt></a>,https://github.com/abichat/scimo,scimo
Feature selection step using the coefficient of variation,step_select_cv,<a href='https://github.com/abichat/scimo' target='_blank'><tt>step_select_cv</tt></a>,https://github.com/abichat/scimo,scimo
Feature selection step using Wilcoxon test,step_select_wilcoxon,<a href='https://github.com/abichat/scimo' target='_blank'><tt>step_select_wilcoxon</tt></a>,https://github.com/abichat/scimo,scimo
Filter rows by position using dplyr,step_slice,<a href='https://recipes.tidymodels.org/reference/step_slice.html' target='_blank'><tt>step_slice</tt></a>,https://recipes.tidymodels.org/reference/step_slice.html,recipes
Filter rows using dplyr,step_filter,<a href='https://recipes.tidymodels.org/reference/step_filter.html' target='_blank'><tt>step_filter</tt></a>,https://recipes.tidymodels.org/reference/step_filter.html,recipes
Filter Tokens Based on Term Frequency,step_tokenfilter,<a href='https://textrecipes.tidymodels.org/reference/step_tokenfilter.html' target='_blank'><tt>step_tokenfilter</tt></a>,https://textrecipes.tidymodels.org/reference/step_tokenfilter.html,textrecipes
Filtering of Stop Words for Tokens Variables,step_stopwords,<a href='https://textrecipes.tidymodels.org/reference/step_stopwords.html' target='_blank'><tt>step_stopwords</tt></a>,https://textrecipes.tidymodels.org/reference/step_stopwords.html,textrecipes
Fourier Features for Modeling Seasonality,step_fourier,<a href='https://business-science.github.io/timetk/reference/step_fourier.html' target='_blank'><tt>step_fourier</tt></a>,https://business-science.github.io/timetk/reference/step_fourier.html,timetk
General variable filter,step_rm,<a href='https://recipes.tidymodels.org/reference/step_rm.html' target='_blank'><tt>step_rm</tt></a>,https://recipes.tidymodels.org/reference/step_rm.html,recipes
Generalized bernstein polynomial basis,step_poly_bernstein,<a href='https://recipes.tidymodels.org/reference/step_poly_bernstein.html' target='_blank'><tt>step_poly_bernstein</tt></a>,https://recipes.tidymodels.org/reference/step_poly_bernstein.html,recipes
Generate n-grams From Token Variables,step_ngram,<a href='https://textrecipes.tidymodels.org/reference/step_ngram.html' target='_blank'><tt>step_ngram</tt></a>,https://textrecipes.tidymodels.org/reference/step_ngram.html,textrecipes
Handle levels in multiple predictors together,step_dummy_multi_choice,<a href='https://recipes.tidymodels.org/reference/step_dummy_multi_choice.html' target='_blank'><tt>step_dummy_multi_choice</tt></a>,https://recipes.tidymodels.org/reference/step_dummy_multi_choice.html,recipes
High correlation filter,step_corr,<a href='https://recipes.tidymodels.org/reference/step_corr.html' target='_blank'><tt>step_corr</tt></a>,https://recipes.tidymodels.org/reference/step_corr.html,recipes
Holiday feature generator,step_holiday,<a href='https://recipes.tidymodels.org/reference/step_holiday.html' target='_blank'><tt>step_holiday</tt></a>,https://recipes.tidymodels.org/reference/step_holiday.html,recipes
Holiday Feature (Signature) Generator,step_holiday_signature,<a href='https://business-science.github.io/timetk/reference/step_holiday_signature.html' target='_blank'><tt>step_holiday_signature</tt></a>,https://business-science.github.io/timetk/reference/step_holiday_signature.html,timetk
Hyperbolic transformations,step_hyperbolic,<a href='https://recipes.tidymodels.org/reference/step_hyperbolic.html' target='_blank'><tt>step_hyperbolic</tt></a>,https://recipes.tidymodels.org/reference/step_hyperbolic.html,recipes
ICA signal extraction,step_ica,<a href='https://recipes.tidymodels.org/reference/step_ica.html' target='_blank'><tt>step_ica</tt></a>,https://recipes.tidymodels.org/reference/step_ica.html,recipes
Impute nominal data using the most common value,step_impute_mode,<a href='https://recipes.tidymodels.org/reference/step_impute_mode.html' target='_blank'><tt>step_impute_mode</tt></a>,https://recipes.tidymodels.org/reference/step_impute_mode.html,recipes
Impute numeric data below the threshold of measurement,step_impute_lower,<a href='https://recipes.tidymodels.org/reference/step_impute_lower.html' target='_blank'><tt>step_impute_lower</tt></a>,https://recipes.tidymodels.org/reference/step_impute_lower.html,recipes
Impute numeric data using a rolling window statistic,step_impute_roll,<a href='https://recipes.tidymodels.org/reference/step_impute_roll.html' target='_blank'><tt>step_impute_roll</tt></a>,https://recipes.tidymodels.org/reference/step_impute_roll.html,recipes
Impute numeric data using the mean,step_impute_mean,<a href='https://recipes.tidymodels.org/reference/step_impute_mean.html' target='_blank'><tt>step_impute_mean</tt></a>,https://recipes.tidymodels.org/reference/step_impute_mean.html,recipes
Impute numeric data using the median,step_impute_median,<a href='https://recipes.tidymodels.org/reference/step_impute_median.html' target='_blank'><tt>step_impute_median</tt></a>,https://recipes.tidymodels.org/reference/step_impute_median.html,recipes
Impute numeric variables via a linear model,step_impute_linear,<a href='https://recipes.tidymodels.org/reference/step_impute_linear.html' target='_blank'><tt>step_impute_linear</tt></a>,https://recipes.tidymodels.org/reference/step_impute_linear.html,recipes
Impute via bagged trees,step_impute_bag,<a href='https://recipes.tidymodels.org/reference/step_impute_bag.html' target='_blank'><tt>step_impute_bag</tt></a>,https://recipes.tidymodels.org/reference/step_impute_bag.html,recipes
Impute via k-nearest neighbors,step_impute_knn,<a href='https://recipes.tidymodels.org/reference/step_impute_knn.html' target='_blank'><tt>step_impute_knn</tt></a>,https://recipes.tidymodels.org/reference/step_impute_knn.html,recipes
Indicate Recurrent Date Time Event,step_time_event,<a href='https://emilhvitfeldt.github.io/extrasteps/reference/step_time_event.html' target='_blank'><tt>step_time_event</tt></a>,https://emilhvitfeldt.github.io/extrasteps/reference/step_time_event.html,extrasteps
Indicator Variables via Feature Hashing,step_dummy_hash,<a href='https://textrecipes.tidymodels.org/reference/step_dummy_hash.html' target='_blank'><tt>step_dummy_hash</tt></a>,https://textrecipes.tidymodels.org/reference/step_dummy_hash.html,textrecipes
Inverse logit transformation,step_invlogit,<a href='https://recipes.tidymodels.org/reference/step_invlogit.html' target='_blank'><tt>step_invlogit</tt></a>,https://recipes.tidymodels.org/reference/step_invlogit.html,recipes
Inverse transformation,step_inverse,<a href='https://recipes.tidymodels.org/reference/step_inverse.html' target='_blank'><tt>step_inverse</tt></a>,https://recipes.tidymodels.org/reference/step_inverse.html,recipes
Isomap embedding,step_isomap,<a href='https://recipes.tidymodels.org/reference/step_isomap.html' target='_blank'><tt>step_isomap</tt></a>,https://recipes.tidymodels.org/reference/step_isomap.html,recipes
Kernel PCA signal extraction,step_kpca,<a href='https://recipes.tidymodels.org/reference/step_kpca.html' target='_blank'><tt>step_kpca</tt></a>,https://recipes.tidymodels.org/reference/step_kpca.html,recipes
K-Means Clustering Variable Reduction,step_kmeans,<a href='https://brian-j-smith.github.io/MachineShop' target='_blank'><tt>step_kmeans</tt></a>,https://brian-j-smith.github.io/MachineShop,MachineShop
K-Medoids Clustering Variable Selection,step_kmedoids,<a href='https://brian-j-smith.github.io/MachineShop' target='_blank'><tt>step_kmedoids</tt></a>,https://brian-j-smith.github.io/MachineShop,MachineShop
Lemmatization of Token Variables,step_lemma,<a href='https://textrecipes.tidymodels.org/reference/step_lemma.html' target='_blank'><tt>step_lemma</tt></a>,https://textrecipes.tidymodels.org/reference/step_lemma.html,textrecipes
Likelihood encoding using analytical formula,step_lencode,<a href='https://embed.tidymodels.org/reference/step_lencode.html' target='_blank'><tt>step_lencode</tt></a>,https://embed.tidymodels.org/reference/step_lencode.html,embed
Linear combination filter,step_lincomb,<a href='https://recipes.tidymodels.org/reference/step_lincomb.html' target='_blank'><tt>step_lincomb</tt></a>,https://recipes.tidymodels.org/reference/step_lincomb.html,recipes
Linear Components Variable Reduction,step_lincomp,<a href='https://brian-j-smith.github.io/MachineShop' target='_blank'><tt>step_lincomp</tt></a>,https://brian-j-smith.github.io/MachineShop,MachineShop
Log Interval Transformation for Constrained Interval Forecasting,step_log_interval,<a href='https://business-science.github.io/timetk/reference/step_log_interval.html' target='_blank'><tt>step_log_interval</tt></a>,https://business-science.github.io/timetk/reference/step_log_interval.html,timetk
Logarithmic transformation,step_log,<a href='https://recipes.tidymodels.org/reference/step_log.html' target='_blank'><tt>step_log</tt></a>,https://recipes.tidymodels.org/reference/step_log.html,recipes
Logit transformation,step_logit,<a href='https://recipes.tidymodels.org/reference/step_logit.html' target='_blank'><tt>step_logit</tt></a>,https://recipes.tidymodels.org/reference/step_logit.html,recipes
Missing Data Imputation for Time Series,step_ts_impute,<a href='https://business-science.github.io/timetk/reference/step_ts_impute.html' target='_blank'><tt>step_ts_impute</tt></a>,https://business-science.github.io/timetk/reference/step_ts_impute.html,timetk
Missing value column filter,step_filter_missing,<a href='https://recipes.tidymodels.org/reference/step_filter_missing.html' target='_blank'><tt>step_filter_missing</tt></a>,https://recipes.tidymodels.org/reference/step_filter_missing.html,recipes
Monotone splines,step_spline_monotone,<a href='https://recipes.tidymodels.org/reference/step_spline_monotone.html' target='_blank'><tt>step_spline_monotone</tt></a>,https://recipes.tidymodels.org/reference/step_spline_monotone.html,recipes
Moving window functions,step_window,<a href='https://recipes.tidymodels.org/reference/step_window.html' target='_blank'><tt>step_window</tt></a>,https://recipes.tidymodels.org/reference/step_window.html,recipes
Mutate multiple columns using dplyr,step_mutate_at,<a href='https://recipes.tidymodels.org/reference/step_mutate_at.html' target='_blank'><tt>step_mutate_at</tt></a>,https://recipes.tidymodels.org/reference/step_mutate_at.html,recipes
Natural spline basis functions,step_ns,<a href='https://recipes.tidymodels.org/reference/step_ns.html' target='_blank'><tt>step_ns</tt></a>,https://recipes.tidymodels.org/reference/step_ns.html,recipes
Natural splines,step_spline_natural,<a href='https://recipes.tidymodels.org/reference/step_spline_natural.html' target='_blank'><tt>step_spline_natural</tt></a>,https://recipes.tidymodels.org/reference/step_spline_natural.html,recipes
Near-zero variance filter,step_nzv,<a href='https://recipes.tidymodels.org/reference/step_nzv.html' target='_blank'><tt>step_nzv</tt></a>,https://recipes.tidymodels.org/reference/step_nzv.html,recipes
Neighborhood Cleaning Rule,step_ncl,<a href='https://themis.tidymodels.org/reference/step_ncl.html' target='_blank'><tt>step_ncl</tt></a>,https://themis.tidymodels.org/reference/step_ncl.html,themis
Non-negative matrix factorization signal extraction with lasso penalization,step_nnmf_sparse,<a href='https://recipes.tidymodels.org/reference/step_nnmf_sparse.html' target='_blank'><tt>step_nnmf_sparse</tt></a>,https://recipes.tidymodels.org/reference/step_nnmf_sparse.html,recipes
Non-negative splines,step_spline_nonnegative,<a href='https://recipes.tidymodels.org/reference/step_spline_nonnegative.html' target='_blank'><tt>step_spline_nonnegative</tt></a>,https://recipes.tidymodels.org/reference/step_spline_nonnegative.html,recipes
Normalization of Character Variables,step_text_normalization,<a href='https://textrecipes.tidymodels.org/reference/step_text_normalization.html' target='_blank'><tt>step_text_normalization</tt></a>,https://textrecipes.tidymodels.org/reference/step_text_normalization.html,textrecipes
Normalized Life Curve Vectorization of Persistent Homology,step_vpd_normalized_life_curve,<a href='https://github.com/tdaverse/tdarec' target='_blank'><tt>step_vpd_normalized_life_curve</tt></a>,https://github.com/tdaverse/tdarec,tdarec
One-Sided Selection,step_oss,<a href='https://themis.tidymodels.org/reference/step_oss.html' target='_blank'><tt>step_oss</tt></a>,https://themis.tidymodels.org/reference/step_oss.html,themis
Optimal Binning and WoE Transformation Step,step_obwoe,<a href='https://evandeilton.github.io/OptimalBinningWoE/reference/step_obwoe.html' target='_blank'><tt>step_obwoe</tt></a>,https://evandeilton.github.io/OptimalBinningWoE/reference/step_obwoe.html,OptimalBinningWoE
ORQ normalization (orderNorm) for recipes implementation,step_orderNorm,<a href='https://petersonr.github.io/bestNormalize/reference/step_orderNorm.html' target='_blank'><tt>step_orderNorm</tt></a>,https://petersonr.github.io/bestNormalize/reference/step_orderNorm.html,bestNormalize
Orthogonal polynomial basis functions,step_poly,<a href='https://recipes.tidymodels.org/reference/step_poly.html' target='_blank'><tt>step_poly</tt></a>,https://recipes.tidymodels.org/reference/step_poly.html,recipes
Pad: Add rows to fill gaps and go from low to high frequency,step_ts_pad,<a href='https://business-science.github.io/timetk/reference/step_ts_pad.html' target='_blank'><tt>step_ts_pad</tt></a>,https://business-science.github.io/timetk/reference/step_ts_pad.html,timetk
Part of Speech Filtering of Token Variables,step_pos_filter,<a href='https://textrecipes.tidymodels.org/reference/step_pos_filter.html' target='_blank'><tt>step_pos_filter</tt></a>,https://textrecipes.tidymodels.org/reference/step_pos_filter.html,textrecipes
Partial least squares feature extraction,step_pls,<a href='https://recipes.tidymodels.org/reference/step_pls.html' target='_blank'><tt>step_pls</tt></a>,https://recipes.tidymodels.org/reference/step_pls.html,recipes
PCA signal extraction,step_pca,<a href='https://recipes.tidymodels.org/reference/step_pca.html' target='_blank'><tt>step_pca</tt></a>,https://recipes.tidymodels.org/reference/step_pca.html,recipes
Percentile transformation,step_percentile,<a href='https://recipes.tidymodels.org/reference/step_percentile.html' target='_blank'><tt>step_percentile</tt></a>,https://recipes.tidymodels.org/reference/step_percentile.html,recipes
Perform binary encoding of factor variables,step_encoding_binary,<a href='https://emilhvitfeldt.github.io/extrasteps/reference/step_encoding_binary.html' target='_blank'><tt>step_encoding_binary</tt></a>,https://emilhvitfeldt.github.io/extrasteps/reference/step_encoding_binary.html,extrasteps
Perform frequency encoding,step_encoding_frequency,<a href='https://emilhvitfeldt.github.io/extrasteps/reference/step_encoding_frequency.html' target='_blank'><tt>step_encoding_frequency</tt></a>,https://emilhvitfeldt.github.io/extrasteps/reference/step_encoding_frequency.html,extrasteps
Perform Max Abs Scaling,step_maxabs,<a href='https://emilhvitfeldt.github.io/extrasteps/reference/step_maxabs.html' target='_blank'><tt>step_maxabs</tt></a>,https://emilhvitfeldt.github.io/extrasteps/reference/step_maxabs.html,extrasteps
Perform Min Max Scaling,step_minmax,<a href='https://emilhvitfeldt.github.io/extrasteps/reference/step_minmax.html' target='_blank'><tt>step_minmax</tt></a>,https://emilhvitfeldt.github.io/extrasteps/reference/step_minmax.html,extrasteps
Perform Robust Scaling,step_robust,<a href='https://emilhvitfeldt.github.io/extrasteps/reference/step_robust.html' target='_blank'><tt>step_robust</tt></a>,https://emilhvitfeldt.github.io/extrasteps/reference/step_robust.html,extrasteps
Perform Unit Normalization,step_unit_normalize,<a href='https://emilhvitfeldt.github.io/extrasteps/reference/step_unit_normalize.html' target='_blank'><tt>step_unit_normalize</tt></a>,https://emilhvitfeldt.github.io/extrasteps/reference/step_unit_normalize.html,extrasteps
Persistence Block Vectorization of Persistent Homology,step_vpd_persistence_block,<a href='https://github.com/tdaverse/tdarec' target='_blank'><tt>step_vpd_persistence_block</tt></a>,https://github.com/tdaverse/tdarec,tdarec
Persistence Image Vectorization of Persistent Homology,step_vpd_persistence_image,<a href='https://github.com/tdaverse/tdarec' target='_blank'><tt>step_vpd_persistence_image</tt></a>,https://github.com/tdaverse/tdarec,tdarec
Persistence Landscape Vectorization of Persistent Homology,step_vpd_persistence_landscape,<a href='https://github.com/tdaverse/tdarec' target='_blank'><tt>step_vpd_persistence_landscape</tt></a>,https://github.com/tdaverse/tdarec,tdarec
Persistence Silhouette Vectorization of Persistent Homology,step_vpd_persistence_silhouette,<a href='https://github.com/tdaverse/tdarec' target='_blank'><tt>step_vpd_persistence_silhouette</tt></a>,https://github.com/tdaverse/tdarec,tdarec
Persistent Entropy Summary Vectorization of Persistent Homology,step_vpd_persistent_entropy_summary,<a href='https://github.com/tdaverse/tdarec' target='_blank'><tt>step_vpd_persistent_entropy_summary</tt></a>,https://github.com/tdaverse/tdarec,tdarec
Persistent homology of point clouds,step_pd_point_cloud,<a href='https://github.com/tdaverse/tdarec' target='_blank'><tt>step_pd_point_cloud</tt></a>,https://github.com/tdaverse/tdarec,tdarec
Persistent homology of raster data (images),step_pd_raster,<a href='https://github.com/tdaverse/tdarec' target='_blank'><tt>step_pd_raster</tt></a>,https://github.com/tdaverse/tdarec,tdarec
Polynomial kernel PCA signal extraction,step_kpca_poly,<a href='https://recipes.tidymodels.org/reference/step_kpca_poly.html' target='_blank'><tt>step_kpca_poly</tt></a>,https://recipes.tidymodels.org/reference/step_kpca_poly.html,recipes
Positional One-Hot encoding of Tokens,step_sequence_onehot,<a href='https://textrecipes.tidymodels.org/reference/step_sequence_onehot.html' target='_blank'><tt>step_sequence_onehot</tt></a>,https://textrecipes.tidymodels.org/reference/step_sequence_onehot.html,textrecipes
Pretrained Word Embeddings of Tokens,step_word_embeddings,<a href='https://textrecipes.tidymodels.org/reference/step_word_embeddings.html' target='_blank'><tt>step_word_embeddings</tt></a>,https://textrecipes.tidymodels.org/reference/step_word_embeddings.html,textrecipes
Radial basis function kernel PCA signal extraction,step_kpca_rbf,<a href='https://recipes.tidymodels.org/reference/step_kpca_rbf.html' target='_blank'><tt>step_kpca_rbf</tt></a>,https://recipes.tidymodels.org/reference/step_kpca_rbf.html,recipes
Ratio variable creation,step_ratio,<a href='https://recipes.tidymodels.org/reference/step_ratio.html' target='_blank'><tt>step_ratio</tt></a>,https://recipes.tidymodels.org/reference/step_ratio.html,recipes
Recipes Data Scale by Z-Score,step_hai_scale_zscore,<a href='https://www.spsanderson.com/healthyR.ai/reference/step_hai_scale_zscore.html' target='_blank'><tt>step_hai_scale_zscore</tt></a>,https://www.spsanderson.com/healthyR.ai/reference/step_hai_scale_zscore.html,healthyR.ai
Recipes Data Scale to Zero and One,step_hai_scale_zero_one,<a href='https://www.spsanderson.com/healthyR.ai/reference/step_hai_scale_zero_one.html' target='_blank'><tt>step_hai_scale_zero_one</tt></a>,https://www.spsanderson.com/healthyR.ai/reference/step_hai_scale_zero_one.html,healthyR.ai
Recipes Step Fourier Discrete Generator,step_hai_fourier_discrete,<a href='https://www.spsanderson.com/healthyR.ai/reference/step_hai_fourier_discrete.html' target='_blank'><tt>step_hai_fourier_discrete</tt></a>,https://www.spsanderson.com/healthyR.ai/reference/step_hai_fourier_discrete.html,healthyR.ai
Recipes Step Fourier Generator,step_hai_fourier,<a href='https://www.spsanderson.com/healthyR.ai/reference/step_hai_fourier.html' target='_blank'><tt>step_hai_fourier</tt></a>,https://www.spsanderson.com/healthyR.ai/reference/step_hai_fourier.html,healthyR.ai
Recipes Step Hyperbolic Generator,step_hai_hyperbolic,<a href='https://www.spsanderson.com/healthyR.ai/reference/step_hai_hyperbolic.html' target='_blank'><tt>step_hai_hyperbolic</tt></a>,https://www.spsanderson.com/healthyR.ai/reference/step_hai_hyperbolic.html,healthyR.ai
Recipes Step Winsorized Move Generator,step_hai_winsorized_move,<a href='https://www.spsanderson.com/healthyR.ai/reference/step_hai_winsorized_move.html' target='_blank'><tt>step_hai_winsorized_move</tt></a>,https://www.spsanderson.com/healthyR.ai/reference/step_hai_winsorized_move.html,healthyR.ai
Recipes Step Winsorized Truncate Generator,step_hai_winsorized_truncate,<a href='https://www.spsanderson.com/healthyR.ai/reference/step_hai_winsorized_truncate.html' target='_blank'><tt>step_hai_winsorized_truncate</tt></a>,https://www.spsanderson.com/healthyR.ai/reference/step_hai_winsorized_truncate.html,healthyR.ai
Recipes Time Series Acceleration Generator,step_ts_acceleration,<a href='https://www.spsanderson.com/healthyR.ts/reference/step_ts_acceleration.html' target='_blank'><tt>step_ts_acceleration</tt></a>,https://www.spsanderson.com/healthyR.ts/reference/step_ts_acceleration.html,healthyR.ts
Recipes Time Series velocity Generator,step_ts_velocity,<a href='https://www.spsanderson.com/healthyR.ts/reference/step_ts_velocity.html' target='_blank'><tt>step_ts_velocity</tt></a>,https://www.spsanderson.com/healthyR.ts/reference/step_ts_velocity.html,healthyR.ts
Relevel factors to a desired level,step_relevel,<a href='https://recipes.tidymodels.org/reference/step_relevel.html' target='_blank'><tt>step_relevel</tt></a>,https://recipes.tidymodels.org/reference/step_relevel.html,recipes
Remove hard to classify points,step_instance_hardness,<a href='https://themis.tidymodels.org/reference/step_instance_hardness.html' target='_blank'><tt>step_instance_hardness</tt></a>,https://themis.tidymodels.org/reference/step_instance_hardness.html,themis
Remove observations with missing values,step_naomit,<a href='https://recipes.tidymodels.org/reference/step_naomit.html' target='_blank'><tt>step_naomit</tt></a>,https://recipes.tidymodels.org/reference/step_naomit.html,recipes
Remove Points Near Other Classes,step_nearmiss,<a href='https://themis.tidymodels.org/reference/step_nearmiss.html' target='_blank'><tt>step_nearmiss</tt></a>,https://themis.tidymodels.org/reference/step_nearmiss.html,themis
Remove Tomek's Links,step_tomek,<a href='https://themis.tidymodels.org/reference/step_tomek.html' target='_blank'><tt>step_tomek</tt></a>,https://themis.tidymodels.org/reference/step_tomek.html,themis
Rename multiple columns using dplyr,step_rename_at,<a href='https://recipes.tidymodels.org/reference/step_rename_at.html' target='_blank'><tt>step_rename_at</tt></a>,https://recipes.tidymodels.org/reference/step_rename_at.html,recipes
Rename variables by name using dplyr,step_rename,<a href='https://recipes.tidymodels.org/reference/step_rename.html' target='_blank'><tt>step_rename</tt></a>,https://recipes.tidymodels.org/reference/step_rename.html,recipes
Run bestNormalize transformation for recipes implementation,step_best_normalize,<a href='https://petersonr.github.io/bestNormalize/reference/step_best_normalize.html' target='_blank'><tt>step_best_normalize</tt></a>,https://petersonr.github.io/bestNormalize/reference/step_best_normalize.html,bestNormalize
Run bestNormalize transformation for recipes implementation,step_bestNormalize,<a href='https://petersonr.github.io/bestNormalize/reference/step_best_normalize.html' target='_blank'><tt>step_bestNormalize</tt></a>,https://petersonr.github.io/bestNormalize/reference/step_best_normalize.html,bestNormalize
Run bestNormalize transformation for recipes implementation,step_bestNormalize_new,<a href='https://petersonr.github.io/bestNormalize/reference/step_best_normalize.html' target='_blank'><tt>step_bestNormalize_new</tt></a>,https://petersonr.github.io/bestNormalize/reference/step_best_normalize.html,bestNormalize
Sample rows using dplyr,step_sample,<a href='https://recipes.tidymodels.org/reference/step_sample.html' target='_blank'><tt>step_sample</tt></a>,https://recipes.tidymodels.org/reference/step_sample.html,recipes
Scaling numeric data,step_scale,<a href='https://recipes.tidymodels.org/reference/step_scale.html' target='_blank'><tt>step_scale</tt></a>,https://recipes.tidymodels.org/reference/step_scale.html,recipes
Scaling numeric data to a specific range,step_range,<a href='https://recipes.tidymodels.org/reference/step_range.html' target='_blank'><tt>step_range</tt></a>,https://recipes.tidymodels.org/reference/step_range.html,recipes
Select variables using dplyr,step_select,<a href='https://recipes.tidymodels.org/reference/step_select.html' target='_blank'><tt>step_select</tt></a>,https://recipes.tidymodels.org/reference/step_select.html,recipes
Sentencepiece Tokenization of Character Variables,step_tokenize_sentencepiece,<a href='https://textrecipes.tidymodels.org/reference/step_tokenize_sentencepiece.html' target='_blank'><tt>step_tokenize_sentencepiece</tt></a>,https://textrecipes.tidymodels.org/reference/step_tokenize_sentencepiece.html,textrecipes
Separate persistent pairs by homological degree,step_pd_degree,<a href='https://github.com/tdaverse/tdarec' target='_blank'><tt>step_pd_degree</tt></a>,https://github.com/tdaverse/tdarec,tdarec
Shuffle variables,step_shuffle,<a href='https://recipes.tidymodels.org/reference/step_shuffle.html' target='_blank'><tt>step_shuffle</tt></a>,https://recipes.tidymodels.org/reference/step_shuffle.html,recipes
Simple value assignments for novel factor levels,step_novel,<a href='https://recipes.tidymodels.org/reference/step_novel.html' target='_blank'><tt>step_novel</tt></a>,https://recipes.tidymodels.org/reference/step_novel.html,recipes
Slidify Rolling Window Transformation,step_slidify,<a href='https://business-science.github.io/timetk/reference/step_slidify.html' target='_blank'><tt>step_slidify</tt></a>,https://business-science.github.io/timetk/reference/step_slidify.html,timetk
Slidify Rolling Window Transformation (Augmented Version),step_slidify_augment,<a href='https://business-science.github.io/timetk/reference/step_slidify_augment.html' target='_blank'><tt>step_slidify_augment</tt></a>,https://business-science.github.io/timetk/reference/step_slidify_augment.html,timetk
Smoothing Transformation using Loess,step_smooth,<a href='https://business-science.github.io/timetk/reference/step_smooth.html' target='_blank'><tt>step_smooth</tt></a>,https://business-science.github.io/timetk/reference/step_smooth.html,timetk
Sort rows using dplyr,step_arrange,<a href='https://recipes.tidymodels.org/reference/step_arrange.html' target='_blank'><tt>step_arrange</tt></a>,https://recipes.tidymodels.org/reference/step_arrange.html,recipes
Sparse Bayesian PCA Signal Extraction,step_pca_sparse_bayes,<a href='https://embed.tidymodels.org/reference/step_pca_sparse_bayes.html' target='_blank'><tt>step_pca_sparse_bayes</tt></a>,https://embed.tidymodels.org/reference/step_pca_sparse_bayes.html,embed
Sparse PCA Signal Extraction,step_pca_sparse,<a href='https://embed.tidymodels.org/reference/step_pca_sparse.html' target='_blank'><tt>step_pca_sparse</tt></a>,https://embed.tidymodels.org/reference/step_pca_sparse.html,embed
Sparse Principal Components Analysis Variable Reduction,step_spca,<a href='https://brian-j-smith.github.io/MachineShop' target='_blank'><tt>step_spca</tt></a>,https://brian-j-smith.github.io/MachineShop,MachineShop
Spatial sign preprocessing,step_spatialsign,<a href='https://recipes.tidymodels.org/reference/step_spatialsign.html' target='_blank'><tt>step_spatialsign</tt></a>,https://recipes.tidymodels.org/reference/step_spatialsign.html,recipes
Square root transformation,step_sqrt,<a href='https://recipes.tidymodels.org/reference/step_sqrt.html' target='_blank'><tt>step_sqrt</tt></a>,https://recipes.tidymodels.org/reference/step_sqrt.html,recipes
Stemming of Token Variables,step_stem,<a href='https://textrecipes.tidymodels.org/reference/step_stem.html' target='_blank'><tt>step_stem</tt></a>,https://textrecipes.tidymodels.org/reference/step_stem.html,textrecipes
Supervised and unsupervised uniform manifold approximation and projection (UMAP),step_umap,<a href='https://embed.tidymodels.org/reference/step_umap.html' target='_blank'><tt>step_umap</tt></a>,https://embed.tidymodels.org/reference/step_umap.html,embed
Supervised Collapsing of Factor Levels,step_collapse_cart,<a href='https://embed.tidymodels.org/reference/step_collapse_cart.html' target='_blank'><tt>step_collapse_cart</tt></a>,https://embed.tidymodels.org/reference/step_collapse_cart.html,embed
Supervised Factor Conversions into Linear Functions using Bayesian Likelihood Encodings,step_lencode_bayes,<a href='https://embed.tidymodels.org/reference/step_lencode_bayes.html' target='_blank'><tt>step_lencode_bayes</tt></a>,https://embed.tidymodels.org/reference/step_lencode_bayes.html,embed
Supervised Factor Conversions into Linear Functions using Bayesian Likelihood Encodings,step_lencode_mixed,<a href='https://embed.tidymodels.org/reference/step_lencode_mixed.html' target='_blank'><tt>step_lencode_mixed</tt></a>,https://embed.tidymodels.org/reference/step_lencode_mixed.html,embed
Supervised Factor Conversions into Linear Functions using Likelihood Encodings,step_lencode_glm,<a href='https://embed.tidymodels.org/reference/step_lencode_glm.html' target='_blank'><tt>step_lencode_glm</tt></a>,https://embed.tidymodels.org/reference/step_lencode_glm.html,embed
Supervised Feature Selection via A Single Filter,step_predictor_retain,<a href='https://important.tidymodels.org/reference/step_predictor_retain.html' target='_blank'><tt>step_predictor_retain</tt></a>,https://important.tidymodels.org/reference/step_predictor_retain.html,important
Supervised Feature Selection via Choosing the Top Predictors,step_predictor_best,<a href='https://important.tidymodels.org/reference/step_predictor_best.html' target='_blank'><tt>step_predictor_best</tt></a>,https://important.tidymodels.org/reference/step_predictor_best.html,important
Supervised Multivariate Feature Selection via Desirability Functions,step_predictor_desirability,<a href='https://important.tidymodels.org/reference/step_predictor_desirability.html' target='_blank'><tt>step_predictor_desirability</tt></a>,https://important.tidymodels.org/reference/step_predictor_desirability.html,important
Taxonomic clades feature generator,step_taxonomy,<a href='https://github.com/abichat/scimo' target='_blank'><tt>step_taxonomy</tt></a>,https://github.com/abichat/scimo,scimo
Tent Template Functions Vectorization of Persistent Homology,step_vpd_tent_template_functions,<a href='https://github.com/tdaverse/tdarec' target='_blank'><tt>step_vpd_tent_template_functions</tt></a>,https://github.com/tdaverse/tdarec,tdarec
Term frequency of Tokens,step_tf,<a href='https://textrecipes.tidymodels.org/reference/step_tf.html' target='_blank'><tt>step_tf</tt></a>,https://textrecipes.tidymodels.org/reference/step_tf.html,textrecipes
Term Frequency-Inverse Document Frequency of Tokens,step_tfidf,<a href='https://textrecipes.tidymodels.org/reference/step_tfidf.html' target='_blank'><tt>step_tfidf</tt></a>,https://textrecipes.tidymodels.org/reference/step_tfidf.html,textrecipes
Tidymodels recipe step for multicollinearity filtering,step_collinear,<a href='https://blasbenito.github.io/collinear/reference/step_collinear.html' target='_blank'><tt>step_collinear</tt></a>,https://blasbenito.github.io/collinear/reference/step_collinear.html,collinear
Time after Recurrent Date Time Event,step_date_after,<a href='https://emilhvitfeldt.github.io/extrasteps/reference/step_date_after.html' target='_blank'><tt>step_date_after</tt></a>,https://emilhvitfeldt.github.io/extrasteps/reference/step_date_after.html,extrasteps
Time before Recurrent Date Time Event,step_date_before,<a href='https://emilhvitfeldt.github.io/extrasteps/reference/step_date_before.html' target='_blank'><tt>step_date_before</tt></a>,https://emilhvitfeldt.github.io/extrasteps/reference/step_date_before.html,extrasteps
Time feature generator,step_time,<a href='https://recipes.tidymodels.org/reference/step_time.html' target='_blank'><tt>step_time</tt></a>,https://recipes.tidymodels.org/reference/step_time.html,recipes
Time Series Feature (Signature) Generator,step_timeseries_signature,<a href='https://business-science.github.io/timetk/reference/step_timeseries_signature.html' target='_blank'><tt>step_timeseries_signature</tt></a>,https://business-science.github.io/timetk/reference/step_timeseries_signature.html,timetk
Time to Nearest Recurrent Date Time Event,step_date_nearest,<a href='https://emilhvitfeldt.github.io/extrasteps/reference/step_date_nearest.html' target='_blank'><tt>step_date_nearest</tt></a>,https://emilhvitfeldt.github.io/extrasteps/reference/step_date_nearest.html,extrasteps
Tokenization of Character Variables,step_tokenize,<a href='https://textrecipes.tidymodels.org/reference/step_tokenize.html' target='_blank'><tt>step_tokenize</tt></a>,https://textrecipes.tidymodels.org/reference/step_tokenize.html,textrecipes
Tropical Coordinates Vectorization of Persistent Homology,step_vpd_tropical_coordinates,<a href='https://github.com/tdaverse/tdarec' target='_blank'><tt>step_vpd_tropical_coordinates</tt></a>,https://github.com/tdaverse/tdarec,tdarec
Truncated PCA Signal Extraction,step_pca_truncated,<a href='https://embed.tidymodels.org/reference/step_pca_truncated.html' target='_blank'><tt>step_pca_truncated</tt></a>,https://embed.tidymodels.org/reference/step_pca_truncated.html,embed
Under-Sampling by Cluster Centroids,step_cluster_centroids,<a href='https://themis.tidymodels.org/reference/step_cluster_centroids.html' target='_blank'><tt>step_cluster_centroids</tt></a>,https://themis.tidymodels.org/reference/step_cluster_centroids.html,themis
Untokenization of Token Variables,step_untokenize,<a href='https://textrecipes.tidymodels.org/reference/step_untokenize.html' target='_blank'><tt>step_untokenize</tt></a>,https://textrecipes.tidymodels.org/reference/step_untokenize.html,textrecipes
Up-Sample a Data Set Based on a Factor Variable,step_upsample,<a href='https://themis.tidymodels.org/reference/step_upsample.html' target='_blank'><tt>step_upsample</tt></a>,https://themis.tidymodels.org/reference/step_upsample.html,themis
Variable Selection by Filtering,step_sbf,<a href='https://brian-j-smith.github.io/MachineShop' target='_blank'><tt>step_sbf</tt></a>,https://brian-j-smith.github.io/MachineShop,MachineShop
Weight of evidence transformation,step_woe,<a href='https://embed.tidymodels.org/reference/step_woe.html' target='_blank'><tt>step_woe</tt></a>,https://embed.tidymodels.org/reference/step_woe.html,embed
Wordpiece Tokenization of Character Variables,step_tokenize_wordpiece,<a href='https://textrecipes.tidymodels.org/reference/step_tokenize_wordpiece.html' target='_blank'><tt>step_tokenize_wordpiece</tt></a>,https://textrecipes.tidymodels.org/reference/step_tokenize_wordpiece.html,textrecipes
Yeo-Johnson transformation,step_YeoJohnson,<a href='https://recipes.tidymodels.org/reference/step_YeoJohnson.html' target='_blank'><tt>step_YeoJohnson</tt></a>,https://recipes.tidymodels.org/reference/step_YeoJohnson.html,recipes
Zero variance filter,step_zv,<a href='https://recipes.tidymodels.org/reference/step_zv.html' target='_blank'><tt>step_zv</tt></a>,https://recipes.tidymodels.org/reference/step_zv.html,recipes
